Date,Length of Day
10/04/2020,11:28
10/05/2020,11:24
10/06/2020,11:21
10/07/2020,11:18
10/08/2020,11:14
10/09/2020,11:11
10/10/2020,11:07
10/11/2020,11:04
10/12/2020,11:00
10/13/2020,10:57
10/14/2020,10:53
10/15/2020,10:50
10/16/2020,10:46
10/17/2020,10:44
10/18/2020,10:41
10/19/2020,10:37
10/20/2020,10:34
10/21/2020,10:30
10/22/2020,10:27
10/23/2020,10:24
10/24/2020,10:21
10/25/2020,10:17
10/26/2020,10:14
10/27/2020,10:11
10/28/2020,10:08
10/29/2020,10:05
10/30/2020,10:02
10/31/2020,09:58
11/01/2020,09:55
11/02/2020,09:52
11/03/2020,09:49
11/04/2020,09:46
11/05/2020,09:43
11/06/2020,09:41
11/07/2020,09:37
11/08/2020,09:35
11/09/2020,09:31
11/10/2020,09:29
11/11/2020,09:26
11/12/2020,09:24
11/13/2020,09:20
11/14/2020,09:18
11/15/2020,09:15
11/16/2020,09:13
11/17/2020,09:10
11/18/2020,09:08
11/19/2020,09:05
11/20/2020,09:03
11/21/2020,09:00
11/22/2020,08:58
11/23/2020,08:56
11/24/2020,08:54
11/25/2020,08:52
11/26/2020,08:49
11/27/2020,08:48
11/28/2020,08:46
11/29/2020,08:44
11/30/2020,08:42
12/01/2020,08:40
12/02/2020,08:39
12/03/2020,08:38
12/04/2020,08:36
12/05/2020,08:34
12/06/2020,08:33
12/07/2020,08:32
12/08/2020,08:30
12/09/2020,08:29
12/10/2020,08:28
12/11/2020,08:27
12/12/2020,08:26
12/13/2020,08:27
